{"cameraMode":{"drawMode":0,"name":"Shaded","section":"Shading Mode"},"sceneLighting":true,"audioPlay":false,"sceneViewState":{"showFog":true,"showMaterialUpdate":false,"showSkybox":true,"showFlares":true,"showImageEffects":true,"showParticleSystems":true},"in2DMode":false,"pivot":{"x":-2.298823356628418,"y":-0.14330363273620606,"z":0.43387556076049807},"rotation":{"x":0.19955237209796906,"y":0.19115430116653443,"z":-0.03972465172410011,"w":0.9602429866790772},"size":11.455692291259766,"orthographic":false}